{"cameraMode":{"drawMode":0,"name":"Shaded","section":"Shading Mode"},"sceneLighting":false,"audioPlay":false,"sceneViewState":{"m_AlwaysRefresh":false,"showFog":true,"showSkybox":false,"showFlares":true,"showImageEffects":true,"showParticleSystems":true,"showVisualEffectGraphs":true,"m_FxEnabled":true},"in2DMode":false,"pivot":{"x":0.007236868143081665,"y":0.8480510711669922,"z":0.10221196711063385},"rotation":{"x":0.34667500853538515,"y":-0.6194977164268494,"z":0.35058069229125979,"w":0.6113481521606445},"size":1.4361488819122315,"orthographic":false}